Theme,Question,Count
technical,technical,3762
technical,network,448
technical,development,278
technical,code,206
technical,integration,122
technical,networks,100
technical,api,84
technical,integrations,35
technical,apis,24
technical,developments,22
technical,technically,19
technical,capital,17
technical,networking,13
technical,shaping,12
technical,rapidly,12
technical,scraping,9
technical,peaqnetwork,8
technical,codebase,7
technical,rapid,6
technical,decoded,5
technical,fastapi,5
technical,pindapinda,5
technical,encoded,4
technical,capitalization,4
technical,bluecodes,4
technical,reshaping,4
technical,moonbeamnetwork,4
technical,networked,3
technical,capitalizing,3
technical,coders,3
technical,codes,2
technical,decoder,2
technical,geoapi,2
technical,coder,2
technical,ticapix,2
technical,swaping,2
technical,hardcoded,2
technical,sapien,2
technical,furcoder,2
technical,matricksdecoder,2
technical,codeigniter,2
technical,codecademy,1
technical,capitalize,1
technical,gracefulcoder,1
technical,dcode,1
technical,opcodes,1
technical,therapies,1
technical,capitalism,1
technical,capitalise,1
technical,vscode,1
technical,kusamanetwork,1
technical,riddleandcode,1
technical,technicalities,1
technical,coincodex,1
technical,optimalcapital,1
technical,florincourtcapital,1
technical,globalcapitalaquisition,1
technical,datapipeline,1
technical,encode,1
technical,encodes,1
technical,testnetwork,1
technical,polymathnetwork,1
technical,capitalist,1
technical,cryptocoders,1
technical,reaping,1
technical,inverternetwork,1
technical,oasisnetwork,1
technical,webthreecapital,1
technical,zapier,1
technical,kapil,1
technical,pathrocknetwork,1
technical,sonofapitch,1
technical,yungpapilean,1
technical,bayesiansapien,1
technical,ecoder,1
technical,tapirul,1
technical,sugapapi,1
technical,sourcecode,1
technical,kapitan,1
technical,codex,1
technical,papikiller,1
technical,regennetwork,1
technical,bladeofcode,1
technical,businessdevelopment,1
price-related,market,907
price-related,marketplace,627
price-related,price,376
price-related,exchange,311
price-related,marketplaces,102
price-related,markets,99
price-related,marketing,91
price-related,prices,68
price-related,exchanges,60
price-related,oceanmarket,24
price-related,priced,15
price-related,evaluation,15
price-related,exchanged,10
price-related,coinmarketcap,8
price-related,valuation,6
price-related,marketcap,5
price-related,marketer,5
price-related,fixedrateexchange,4
price-related,maxprice,3
price-related,priceless,2
price-related,datamarkets,2
price-related,diamarketplace,2
price-related,cryptomarket,2
price-related,lowerprice,2
price-related,setexchangerate,2
price-related,exchangecontractaddress,2
price-related,exchangecontractabi,2
price-related,newexchangerate,2
price-related,fixedrateexchanges,1
price-related,exchangeid,1
price-related,devaluation,1
price-related,fixedrateexchangeupdate,1
price-related,suggestgasprice,1
price-related,curprice,1
price-related,neuromarketing,1
price-related,evaluations,1
price-related,marketplacve,1
price-related,marketers,1
price-related,nonexchange,1
price-related,exchangers,1
price-related,symbioticenergymarkets,1
price-related,valuations,1
price-related,supermarket,1
price-related,datamarketplace,1
price-related,coinmarketleague,1
price-related,datamarket,1
price-related,marketpalces,1
price-related,marketwatch,1
price-related,coinmarketcope,1
price-related,madonnaprice,1
price-related,socialmediamarketing,1
price-related,exchangecontract,1
general information,information,18039
general information,documentation,15390
general information,community,1119
general information,faq,13
general information,faqs,5
general information,informational,3
general information,certikcommunity,2
general information,documentations,2
general information,geoinformation,1
general information,informations,1
general information,unitcommunity,1
general information,tripscommunity,1
